{"emotions":{"anger":0.220930681,"contempt":0.0237878524,"disgust":0.004351605,"fear":0.00366482069,"happiness":0.00588375842,"neutral":0.678453743,"sadness":0.061628662,"surprise":0.00129886123},"id":"7d24b271-7f6d-413c-aef0-5c20fc64fe74"}
c"}

