{"emotions":{"anger":0.0118375905,"contempt":0.0004772879,"disgust":0.00290123885,"fear":0.08639329,"happiness":0.753043234,"neutral":0.0124266231,"sadness":0.02424602,"surprise":0.108674727},"id":"08e6e6d2-6632-43d8-b9f9-64be53a29c49"}
